cluster,users_in_cluster,churn_rate,avg_clv,total_expected_value_loss,avg_monthly_spend,avg_total_watch_hours,avg_completion_ratio,avg_search_frequency,avg_review_rating,avg_sentiment_score,avg_kids_share,persona_summary
0,3561,0.004900816802800466,337.591095915986,26288.656629712033,19.715705045278135,15.85166321690384,50.01093610071863,0.0037484230821635193,2.7720014784697837,0.4442816096839771,0.10293576823933602,"Low/medium-spend, high-engagement, general audience users; churn rate 0.5%, avg CLV 338, value at risk 26289."
1,6439,0.03177857508969759,363.3984335810695,104141.82720741679,21.859281760113557,8.67779903004495,49.757664223009854,-0.003635456813433381,2.860833417824191,0.4560708013112981,0.10388318290021625,"High-spend, low/medium-engagement, family / kids-heavy users; churn rate 3.2%, avg CLV 363, value at risk 104142."
